t,x,y,radius,area
0.0,319.5,239.5,399.30010986328125,306081.0
0.6693887710571289,206.5,193.5,7.905794143676758,83.5
0.7034192085266113,221.5,150.0,8.732224464416504,67.0
0.7414910793304443,257.0,136.5,14.009025573730469,271.0
0.7691664695739746,287.4401550292969,132.27816772460938,14.942816734313965,463.0
0.8056542873382568,299.0,133.0,15.811488151550293,389.5
0.837230920791626,316.0,141.5,18.117769241333008,487.5
0.873274564743042,340.0740661621094,163.1481475830078,18.19222640991211,475.5
0.9052302837371826,353.0,191.0,19.105072021484375,373.0
0.9374692440032959,347.83599853515625,235.32400512695312,17.3631649017334,290.5
0.9732704162597656,418.0,115.5,13.086352348327637,153.5
1.005324363708496,85.0,403.5,60.55792236328125,1951.5
1.04132080078125,77.5,383.5,82.53797149658203,2009.5
1.0732100009918213,419.47454833984375,115.80332946777344,15.268152236938477,561.5
1.1092529296875,352.0,205.5,76.52623748779297,1123.5
1.1413452625274658,321.8115539550781,209.78945922851562,107.71160888671875,2321.5
1.1773605346679688,287.74969482421875,192.02284240722656,121.05188751220703,3439.0
1.209733247756958,273.6092834472656,196.88079833984375,121.12014770507812,4536.5
1.2452633380889893,271.32061767578125,186.695556640625,127.5223159790039,3532.5
1.2772800922393799,269.1553955078125,193.48196411132812,122.03309631347656,5674.5
1.309335470199585,266.6659240722656,191.96060180664062,123.3381576538086,4909.0
1.345341444015503,261.0,203.5,120.11358642578125,3689.5
1.3773002624511719,186.0,216.0,62.16922378540039,1063.5
1.4140129089355469,349.0,220.0,18.027854919433594,458.0
1.4452390670776367,345.9876403808594,245.3950653076172,16.190589904785156,261.5
1.481248140335083,79.5,404.0,35.89229965209961,217.0
1.5132396221160889,79.5,404.0,35.89229965209961,214.0
1.5494883060455322,259.6551818847656,280.3793029785156,12.660950660705566,287.5
1.5822105407714844,234.0,270.0,14.4223051071167,175.5
1.6142590045928955,212.0,242.0,13.601571083068848,315.0
1.6501197814941406,204.0,206.5,15.33796215057373,317.0
1.68206787109375,211.0,173.0,19.235483169555664,408.0
1.7173216342926025,234.94381713867188,146.21348571777344,18.571348190307617,544.5
1.7493762969970703,260.0,133.0,18.027854919433594,484.0
1.7852764129638672,287.8783264160156,130.38937377929688,16.768112182617188,527.0
1.8176629543304443,303.0,134.5,16.37843894958496,531.0
1.8533375263214111,325.30401611328125,145.84744262695312,21.46710777282715,582.5
1.8851895332336426,348.5,173.0,19.52572250366211,517.0
1.9172391891479492,352.0,214.0,21.023895263671875,406.5
1.9532978534698486,343.5,248.5,12.349188804626465,118.5
2.021690607070923,271.2073059082031,281.3536682128906,10.83916187286377,236.5
2.0534679889678955,253.8023223876953,278.593017578125,12.901162147521973,302.5
2.0891776084899902,229.0,265.5,13.901538848876953,194.5
2.121199369430542,211.0,239.0,13.928488731384277,324.5
2.1573150157928467,205.0,202.625,16.40560531616211,345.0
2.1894145011901855,214.5,167.5,19.039531707763672,307.0
2.226976156234741,240.4375,140.5625,18.265716552734375,516.5
2.2574095726013184,272.29998779296875,130.5,20.453472137451172,523.0
2.2892088890075684,293.5836181640625,133.18148803710938,16.721923828125,514.0
2.3255321979522705,313.1141662597656,138.99606323242188,17.11427879333496,518.0
2.357793092727661,338.53314208984375,161.54420471191406,19.0903263092041,507.0
2.3932197093963623,350.5,194.5,19.039531707763672,441.5
2.426478385925293,349.3245544433594,230.25437927246094,17.571849822998047,401.5
2.4932961463928223,306.8636474609375,274.2878723144531,9.530503273010254,177.0
2.529356002807617,271.5526428222656,284.5,9.565796852111816,140.5
2.561221122741699,251.13999938964844,278.0,13.291436195373535,308.0
2.593770742416382,226.0,262.5,14.009025573730469,171.0
2.6299848556518555,207.5806427001953,235.4645233154297,13.656886100769043,320.0
2.6612582206726074,204.51954650878906,196.3045654296875,15.704139709472656,395.5
2.6974401473999023,221.5,167.5,14.30044937133789,177.0
2.729416608810425,246.1313934326172,139.00341796875,17.131505966186523,513.0
2.765197992324829,279.5,131.5,18.344036102294922,535.5
2.797391414642334,294.0625,134.125,15.125228881835938,497.5
2.8341732025146484,308.9862976074219,136.99314880371094,17.015413284301758,527.0
2.865422248840332,335.6856384277344,157.2305450439453,18.605249404907227,520.5
2.8972816467285156,348.5,187.5,20.012596130371094,424.0
2.9333627223968506,346.5,228.0,19.05921745300293,383.5
3.033827066421509,261.4733581542969,281.2278137207031,12.475565910339355,285.5
3.0694022178649902,236.79074096679688,271.9408874511719,14.103180885314941,242.5
3.101433753967285,215.78770446777344,249.64804077148438,13.826289176940918,354.5
3.1374683380126953,205.0,225.0,15.03339672088623,396.5
3.1693954467773438,205.20370483398438,191.75926208496094,15.346334457397461,420.0
3.205430030822754,219.5,160.5,19.96256446838379,407.5
3.238110303878784,244.50755310058594,140.0660400390625,17.614133834838867,570.0
3.269343614578247,274.5,128.5,20.554903030395508,527.0
3.3053853511810303,298.0,133.0,16.643415451049805,501.5
3.3372466564178467,322.8932189941406,147.91262817382812,22.3414249420166,590.5
3.3734099864959717,345.5,175.0,18.581003189086914,498.0
3.405508279800415,352.0,212.5,19.52572250366211,497.5
3.442167282104492,345.5,243.0,16.919023513793945,256.5
3.47330379486084,320.1593933105469,267.6571960449219,9.862627983093262,208.5
3.5094072818756104,301.0,279.0,5.385264873504639,57.0
3.5413131713867188,264.3023376464844,282.18603515625,12.30381965637207,260.5
3.5733156204223633,240.25,274.5,13.428149223327637,260.5
3.6094629764556885,215.40625,249.0749969482422,13.171878814697266,301.0
3.6423192024230957,206.0,218.0,17.117341995239258,349.5
3.6774137020111084,208.0,182.5,17.066146850585938,368.0
3.7095189094543457,227.9516143798828,147.75807189941406,18.43559455871582,560.5
3.745488166809082,255.0,134.5,18.007041931152344,497.0
3.7773561477661133,286.5,130.0,16.620868682861328,507.5
3.81335711479187,302.5,135.5,16.324926376342773,519.5
3.8462300300598145,325.393798828125,148.6858367919922,20.514007568359375,547.0
3.8813865184783936,346.0,176.0,18.384876251220703,510.5
3.9134087562561035,354.0,215.0,20.223848342895508,458.0
3.945582151412964,345.0,246.5,14.77338695526123,165.0
3.9814155101776123,312.1751403808594,272.6573486328125,8.926513671875,168.0
4.050132513046265,257.8836975097656,278.6117858886719,11.964583396911621,298.5
4.081509828567505,236.82801818847656,270.9713439941406,13.75774097442627,251.5
4.117434740066528,215.63792419433594,248.2586212158203,13.467484474182129,337.0
4.149412155151367,204.5,220.0,18.007041931152344,339.0
4.185624122619629,208.5,181.0,17.755380630493164,355.0
4.217443466186523,234.5,145.5,18.344036102294922,536.5
4.253807783126831,266.5,132.5,22.5500431060791,580.5
4.285389423370361,293.0,132.5,15.88248062133789,499.0
4.31745982170105,310.5,137.0,18.200374603271484,551.5
4.353450059890747,336.0596923828125,158.0895538330078,19.31670570373535,531.5
4.385340213775635,351.1475524902344,189.56016540527344,20.799814224243164,523.5
4.421403169631958,351.5,223.0,18.33721923828125,471.0
4.45393705368042,343.0,249.0,13.000100135803223,141.5
4.489400148391724,311.9095764160156,272.2021179199219,9.266608238220215,177.0
4.557462930679321,253.2446746826172,280.20477294921875,13.626985549926758,297.0
4.589441299438477,225.0,262.5,14.603181838989258,190.5
4.621316909790039,207.5,236.0,14.115694046020508,348.5
4.657805919647217,200.5,198.5,17.507240295410156,418.5
4.689460277557373,210.0,167.0,20.124710083007812,423.5
4.725657224655151,240.2065887451172,143.47006225585938,17.565038681030273,577.5
4.757633924484253,267.0,132.0,21.095121383666992,545.5
4.793502330780029,293.0758361816406,131.61825561523438,15.554210662841797,506.5
4.8259336948394775,310.5,139.0,19.52572250366211,568.0
4.86216402053833,337.0,162.0,20.000099182128906,540.5
4.893383026123047,350.0,195.0,20.61562728881836,477.0
4.92561674118042,351.0,231.37142944335938,18.076784133911133,413.5
4.961439609527588,325.822021484375,265.3135681152344,4.832331657409668,53.5
4.993404388427734,306.7210998535156,274.3392028808594,9.426458358764648,174.0
5.029482364654541,619.9163208007812,472.02203369140625,13.953874588012695,257.5
5.062234878540039,621.0,468.0,16.492521286010742,356.5
5.097457408905029,612.65771484375,471.5468444824219,21.66477394104004,533.0
5.129502296447754,619.5,468.1428527832031,17.324291229248047,474.0
5.161416053771973,614.339599609375,470.86163330078125,20.357986450195312,464.5
5.197307109832764,618.0,467.5,19.52572250366211,409.0
5.229525566101074,244.8203887939453,138.3834991455078,18.183757781982422,578.0
5.266226768493652,278.0,131.0,19.646982192993164,556.5
5.297502279281616,298.0,132.5,16.37843894958496,529.5
5.333487272262573,317.5,141.5,21.31910514831543,615.0
5.365689992904663,341.0,168.0,18.027854919433594,514.0
5.401554584503174,350.3571472167969,201.5,20.510175704956055,559.5
5.433477878570557,346.0,239.5,19.163867950439453,303.5
5.470308542251587,320.75,267.125,9.291393280029297,181.0
5.50138521194458,302.0,279.0,7.000100135803223,93.5
5.534656524658203,268.25140380859375,281.9830627441406,12.41643238067627,282.5
5.569471836090088,247.57691955566406,277.5,14.020903587341309,312.0
5.601431131362915,222.74459838867188,258.9820251464844,14.03835391998291,250.5
5.6374804973602295,207.5,230.0,15.403021812438965,367.0
5.670426607131958,207.81365966796875,190.9503173828125,15.525481224060059,404.5
5.705400705337524,226.0,153.5,20.573139190673828,445.5
5.737527847290039,253.5,136.8333282470703,20.500774383544922,602.0
5.769515752792358,286.0,130.0,16.763153076171875,537.0
5.805692672729492,300.5,133.5,17.33503532409668,533.5
5.837620973587036,321.0,142.5,21.639184951782227,585.0
5.874108791351318,342.625,170.75,18.760513305664062,555.0
5.905440807342529,352.0,209.0,21.023895263671875,497.5
5.9414379596710205,346.0,242.5,17.55714988708496,248.0
5.973442554473877,317.375,270.0,8.682877540588379,148.5
6.0413477420806885,260.65960693359375,280.3338623046875,12.677215576171875,297.0
6.077934503555298,240.0,274.5,13.647443771362305,262.0
6.109494924545288,215.78770446777344,249.64804077148438,13.82628059387207,342.0
6.141366004943848,206.21127319335938,221.9014129638672,16.144197463989258,357.5
6.177448272705078,209.7967071533203,185.0054931640625,16.237268447875977,421.5
6.209453821182251,228.96665954589844,149.4818115234375,18.795080184936523,544.0
6.245453596115112,256.4611511230469,132.9077606201172,20.567964553833008,594.0
6.277863025665283,287.99407958984375,130.4268798828125,18.168832778930664,559.0
6.31344199180603,304.6496887207031,134.54490661621094,16.656030654907227,539.0
6.345416307449341,328.3377990722656,149.45819091796875,21.66228675842285,610.0
6.381507158279419,347.0,180.0,18.973764419555664,522.0
6.4135963916778564,351.5,219.8333282470703,18.17363929748535,484.5
6.449694395065308,345.0,247.0,14.31792163848877,168.0
6.482275724411011,312.7210998535156,271.3392028808594,9.426462173461914,191.5
6.549404621124268,233.53326416015625,451.9710388183594,30.227813720703125,1200.5
6.581409931182861,234.82046508789062,451.6911926269531,31.07124900817871,1572.0
6.617403507232666,235.1025390625,451.6298828125,31.260456085205078,1619.0
6.649424314498901,234.82046508789062,451.6911926269531,31.07124900817871,1582.5
6.686243772506714,234.82046508789062,451.6911926269531,31.07124900817871,1590.5
6.717392921447754,234.82046508789062,451.6911926269531,31.07124900817871,1569.5
6.74951696395874,234.82046508789062,451.6911926269531,31.07124900817871,1582.0
6.785542011260986,234.82046508789062,451.6911926269531,31.07124900817871,1579.0
6.817524671554565,234.82046508789062,451.6911926269531,31.07124900817871,1589.0
6.8534839153289795,235.1025390625,451.6298828125,31.260456085205078,1601.5
6.886005163192749,235.91494750976562,451.4532775878906,31.813753128051758,1605.0
6.922001600265503,236.661376953125,451.291015625,32.33259582519531,1700.5
6.9534993171691895,237.2097625732422,450.80853271484375,32.5195426940918,1899.0
6.989349365234375,241.49534606933594,450.1926574707031,35.88246536254883,2219.0
7.021560907363892,242.4809112548828,450.0966491699219,36.72719955444336,2582.5
7.05351710319519,242.4375,449.9375,36.787601470947266,2640.5
7.090081453323364,242.4375,449.9375,36.787601470947266,2612.0
7.1260106563568115,242.29843139648438,450.518310546875,36.8664436340332,2615.5
7.157388210296631,242.38565063476562,449.9449157714844,36.74168395996094,2608.5
7.189582109451294,242.38565063476562,449.9449157714844,36.74168395996094,2608.5
7.225830078125,242.38565063476562,449.9449157714844,36.74168395996094,2609.0
7.257725238800049,242.4246826171875,449.7716979980469,36.717613220214844,2595.0
7.294227600097656,242.4246826171875,449.7716979980469,36.717613220214844,2582.0
7.325639963150024,242.4246826171875,449.7716979980469,36.717613220214844,2567.0
7.361478805541992,241.8626708984375,450.18310546875,36.338443756103516,2553.5
7.393383264541626,241.8626708984375,450.18310546875,36.338443756103516,2546.5
7.429394960403442,242.4246826171875,449.7716979980469,36.717613220214844,2562.5
7.461490631103516,242.02330017089844,450.2730407714844,36.16932678222656,2544.0
7.495071887969971,242.4246826171875,449.7716979980469,36.717613220214844,2546.0
7.529403448104858,242.55899047851562,450.43359375,36.531368255615234,2536.5
7.562000751495361,241.8626708984375,450.18310546875,36.338443756103516,2535.0
7.597387790679932,242.4246826171875,449.7716979980469,36.717613220214844,2533.5
7.629441738128662,241.76959228515625,450.56640625,36.392845153808594,2521.0
7.66542649269104,241.8626708984375,450.18310546875,36.338443756103516,2516.5
7.698251008987427,242.1321258544922,450.72955322265625,36.01676559448242,2515.0
7.733474969863892,241.9654541015625,451.2811584472656,36.183719635009766,2508.0
7.765547037124634,242.1321258544922,450.72955322265625,36.01676559448242,2502.0
7.801417589187622,242.1321258544922,450.72955322265625,36.01676559448242,2494.5
7.833627223968506,241.862548828125,450.1830139160156,36.33857345581055,2491.0
7.865602016448975,242.1321258544922,450.72955322265625,36.01676559448242,2481.0
7.901880979537964,241.862548828125,450.1830139160156,36.33857345581055,2480.0
7.933427810668945,242.1321258544922,450.72955322265625,36.01676559448242,2470.5
7.9695515632629395,241.862548828125,450.1830139160156,36.33857345581055,2471.5
8.001566648483276,242.1321258544922,450.72955322265625,36.01676559448242,2460.0
8.03756070137024,242.3235321044922,451.5,35.847835540771484,2416.0
8.06954574584961,242.89169311523438,451.8739013671875,35.32148742675781,2345.0
8.105802059173584,242.89169311523438,451.8739013671875,35.32148742675781,2334.5
8.137573480606079,243.20013427734375,451.7090759277344,34.997066497802734,2241.0
8.169537544250488,244.2558135986328,454.1090087890625,34.29281234741211,2091.0
8.205527782440186,244.203125,454.5,34.41635513305664,1922.0
8.237590789794922,244.203125,454.5,34.41635513305664,1756.5
8.273386240005493,244.2558135986328,454.1090087890625,34.29281234741211,1673.0
8.30606484413147,244.203125,454.5,34.41635513305664,1649.5
8.341509580612183,244.2558135986328,454.1090087890625,34.29281234741211,1616.0
8.373528480529785,244.2558135986328,454.1090087890625,34.29281234741211,1600.5
8.409448862075806,244.2558135986328,454.1090087890625,34.29281234741211,1574.0
8.44149112701416,244.80250549316406,449.25872802734375,33.22145080566406,1515.0
8.473637580871582,244.85293579101562,448.441162109375,33.15187454223633,1468.5
8.510570287704468,244.85293579101562,448.441162109375,33.15187454223633,1473.0
8.541504144668579,244.85293579101562,448.441162109375,33.15187454223633,1450.0
8.577543258666992,246.86732482910156,451.4321594238281,31.321388244628906,1318.5
8.610102653503418,249.80264282226562,455.58868408203125,29.200767517089844,1063.0
8.645416498184204,244.52825927734375,456.4625549316406,24.875398635864258,887.5
8.677622556686401,245.8710174560547,458.20318603515625,23.94648551940918,685.0
8.713953018188477,229.0,146.0,20.24855613708496,575.0
8.74588918685913,259.48382568359375,132.83692932128906,20.516921997070312,587.5
8.778542280197144,289.0,133.0,17.088106155395508,536.5
8.813542127609253,304.0,134.0,17.49295425415039,546.0
8.846131324768066,327.5,148.0,22.500099182128906,595.5
8.88153862953186,346.0,178.5,20.718448638916016,565.0
8.9143967628479,352.5,218.0,20.056270599365234,479.5
8.949566841125488,345.0,246.5,14.77338695526123,168.0
8.981645107269287,312.23431396484375,271.6932373046875,9.852840423583984,190.5
9.01763916015625,238.59735107421875,449.1194763183594,11.949814796447754,141.5
9.049657583236694,258.74615478515625,280.015380859375,12.746259689331055,311.5
9.08143138885498,236.79074096679688,271.9408874511719,14.103180885314941,264.5
9.11838173866272,212.5,247.5,15.4435453414917,355.0
9.149729013442993,203.5,213.0,17.007450103759766,355.5
9.18557095527649,212.88888549804688,176.88888549804688,15.603595733642578,317.5
9.217634201049805,237.03846740722656,141.96153259277344,19.36309814453125,587.5
9.253472566604614,269.3809509277344,130.0,21.474390029907227,640.0
9.285480499267578,292.5,132.5,16.507673263549805,530.0
9.322279453277588,307.1246643066406,136.3277587890625,16.737449645996094,563.0
9.353630065917969,332.5,155.0,19.981340408325195,567.5
9.389798164367676,350.1647644042969,188.15908813476562,21.394563674926758,555.5
9.421505451202393,351.0,223.0,19.235483169555664,458.5
9.453477382659912,342.0,251.0,10.770429611206055,99.0
9.489604711532593,307.74755859375,274.3883361816406,9.39185905456543,172.5
9.522024631500244,273.6333312988281,283.5,7.779419422149658,119.0
9.557509422302246,253.164794921875,278.92254638671875,13.30451774597168,300.5
9.589598655700684,227.0,263.0,13.601571083068848,197.5
9.621504783630371,210.0,238.5,14.080227851867676,373.5
9.657572507858276,203.35841369628906,203.91592407226562,17.246179580688477,394.5
9.693593740463257,210.0,167.5,20.573139190673828,486.0
9.726491212844849,240.6049346923828,141.77777099609375,18.363258361816406,605.5
9.757917881011963,270.0,131.5,22.27676773071289,611.0
9.793497085571289,295.5,133.0,17.066146850585938,569.0
9.825565099716187,315.5,139.5,18.506855010986328,565.5
9.861599206924438,340.5,164.0,21.360109329223633,548.0
9.893487930297852,352.95001220703125,198.8000030517578,20.82177734375,520.0
9.930063486099243,347.25,232.0,17.001937866210938,402.5
9.961582899093628,329.0,264.5,6.18475866317749,65.0
9.997706413269043,307.32440185546875,273.6024475097656,9.968340873718262,214.5
10.029663324356079,276.0,285.0,10.000100135803223,81.5
10.065624475479126,252.4130401611328,277.5,12.423213005065918,295.0
10.097485542297363,225.0,262.5,14.603181838989258,167.5
10.130133152008057,206.5,233.0,16.919023513793945,379.0
10.165613174438477,204.80604553222656,195.74554443359375,15.993728637695312,405.5
10.19752049446106,220.5,159.5,18.66825294494629,468.5
10.233607292175293,247.01402282714844,138.0887908935547,19.23569107055664,633.0
10.266035556793213,277.5,131.0,20.13092041015625,626.0
10.297541379928589,295.7016906738281,133.63446044921875,16.56584358215332,541.5
10.335018157958984,312.0,139.5,19.006677627563477,588.5
10.366302728652954,337.0,162.0,20.000099182128906,545.0
10.401579856872559,354.0,193.0,21.377656936645508,522.5
10.433490991592407,345.0,233.5,19.602394104003906,341.5
10.538354873657227,263.14849853515625,280.2711181640625,12.271007537841797,302.5
10.569917440414429,244.52989196777344,275.728271484375,13.072909355163574,293.0
10.605607986450195,221.01612854003906,254.3709716796875,14.511798858642578,305.0
10.637487649917603,203.5,227.0,16.37843894958496,386.0
10.66956901550293,209.0,189.5,17.241039276123047,441.5
10.70562481880188,225.78260803222656,152.8913116455078,20.126171112060547,493.5
10.742191553115845,249.5,135.0,19.9061279296875,616.5
10.773831605911255,282.9590148925781,130.13934326171875,17.720741271972656,593.0
10.805651187896729,300.0,132.5,16.77060890197754,546.5
10.8416748046875,321.0,142.5,21.639184951782227,594.5
10.873524904251099,343.14892578125,172.21011352539062,19.466583251953125,572.0
10.909547567367554,351.0,210.0,22.000099182128906,515.5
10.94212532043457,345.0,243.0,18.027854919433594,228.5
10.977478742599487,316.73077392578125,270.5,9.282801628112793,163.5
11.041620254516602,261.2449951171875,280.07305908203125,12.28011417388916,304.5
11.077466011047363,240.70370483398438,273.59259033203125,13.508465766906738,284.5
11.109707355499268,215.5,252.0,15.53232479095459,349.5
11.14650559425354,203.5,221.5,16.568140029907227,370.5
11.177600622177124,208.569091796875,183.6490936279297,16.42612075805664,416.5
11.213600635528564,230.0,149.0,19.69781494140625,583.5
11.24562954902649,258.0,134.0,21.023895263671875,625.5
11.281455993652344,289.0,131.5,16.77060890197754,529.5
11.313569068908691,305.5,134.5,17.33503532409668,548.5
11.35035753250122,330.21429443359375,151.57142639160156,20.307048797607422,554.0
11.381497621536255,349.28570556640625,181.57142639160156,19.05962562561035,512.0
11.413644075393677,351.5,219.8333282470703,18.17363929748535,480.0
11.449532985687256,344.5,247.5,14.983424186706543,178.5
11.481669902801514,314.8387145996094,270.0806579589844,9.360282897949219,192.0
11.550009965896606,259.10638427734375,280.4734191894531,13.11504077911377,307.0
11.585711479187012,235.0,271.0,15.264437675476074,220.0
11.61772632598877,211.5,246.0,14.534542083740234,342.5
11.64955735206604,200.5,210.0,18.062490463256836,373.0
11.685654640197754,211.0,173.0,19.235483169555664,473.5
11.717680215835571,236.55455017089844,142.7181854248047,18.644758224487305,617.5
11.75423526763916,266.5,132.5,22.5500431060791,579.5
11.785626411437988,292.0,132.5,16.919023513793945,544.5
11.822957515716553,308.0,137.0,17.02948570251465,551.5
11.853708982467651,333.5,158.5,20.94049072265625,549.5
11.889567375183105,351.0,189.0,21.377656936645508,537.0
11.921734809875488,350.5,224.5,18.66825294494629,434.5
11.958559274673462,342.5,251.0,9.65670394897461,86.5
11.989597797393799,310.23431396484375,272.6932373046875,9.852840423583984,214.5
12.057554244995117,254.8150634765625,278.7054748535156,12.834578514099121,309.5
12.089845895767212,229.0,266.5,16.101341247558594,191.0
12.125753164291382,208.0,238.0,15.231646537780762,364.5
12.15829348564148,200.5,200.5,18.506855010986328,392.5
12.19361686706543,216.5,164.5,18.06941032409668,425.0
12.225783824920654,242.0215606689453,137.53285217285156,19.137798309326172,619.0
12.261667490005493,275.0,130.5,21.28976821899414,598.0
12.29353141784668,294.6363525390625,132.63636779785156,16.141271591186523,519.5
12.32560133934021,311.65899658203125,137.8992919921875,16.73349952697754,543.0
12.363206148147583,337.4447021484375,159.0668182373047,18.821828842163086,524.5
12.393838167190552,349.2928161621094,191.1712646484375,22.209035873413086,575.0
12.429697036743164,349.917724609375,230.90505981445312,18.32875633239746,389.0
12.529651641845703,267.322998046875,281.9159240722656,12.370712280273438,275.5
12.566341161727905,247.75,276.5,12.992886543273926,296.5
12.597724676132202,222.0,258.5,14.840922355651855,277.0
12.629679679870605,206.5,231.5,15.508162498474121,395.0
12.665651321411133,204.80604553222656,195.74554443359375,15.993728637695312,414.5
12.697787761688232,220.5,160.0,19.137758255004883,498.0
12.733600378036499,246.0,138.0,19.235483169555664,623.0
12.766092300415039,277.5,130.5,20.012596130371094,572.5
12.801742792129517,297.5,133.0,16.56059455871582,545.5
12.833613395690918,317.5,141.0,20.23002815246582,561.5
12.865602970123291,343.5,167.5,19.91240692138672,545.5
12.901693344116211,350.5830078125,203.99801635742188,21.0062198638916,507.5
12.937632322311401,346.0,240.0,18.681640625,313.0
12.970417261123657,321.2323913574219,267.19482421875,9.769651412963867,189.5
13.001549482345581,300.5,278.5,6.5193023681640625,86.0
13.037531852722168,268.1011657714844,282.072265625,12.253829956054688,268.0
13.069543600082397,248.52989196777344,277.728271484375,13.072909355163574,297.0
13.10566234588623,221.5,258.0,15.53232479095459,275.0
13.137694120407104,205.0,228.5,17.241039276123047,387.0
13.174428939819336,208.0,189.0,17.088106155395508,415.0
13.205776691436768,224.22262573242188,151.49270629882812,19.701906204223633,546.5
13.237724781036377,252.3987274169922,134.1835479736328,19.602231979370117,622.0
13.273724555969238,286.0428466796875,129.88571166992188,17.088552474975586,537.5
13.309695482254028,304.5,134.0,17.066146850585938,534.0
13.341572046279907,328.5,148.5,21.50591278076172,597.5
13.374340772628784,346.0,176.0,18.384876251220703,514.5
13.409669160842896,349.5,212.0,20.056270599365234,534.5
13.443026781082153,345.5,242.5,17.39262580871582,278.0
13.47767686843872,320.25,267.1875,9.783895492553711,188.5
13.54560136795044,262.85211181640625,281.73944091796875,12.873466491699219,280.5
13.57823133468628,239.0,274.0,14.764923095703125,252.5
13.613709211349487,214.0,249.0,15.264437675476074,352.0
13.645617723464966,207.0,216.5,17.52864646911621,377.5
13.677776575088501,207.4177703857422,179.32894897460938,18.675823211669922,497.0
13.713544130325317,229.59632873535156,148.09173583984375,19.722869873046875,606.5
13.745761632919312,259.0,133.0,19.026397705078125,596.5
13.782325506210327,289.0,131.5,16.77060890197754,537.5
13.813790321350098,305.5,134.5,17.33503532409668,530.5
13.845725297927856,330.4223937988281,149.4435577392578,21.4149112701416,572.0
13.881662130355835,348.875,181.7083282470703,19.105531692504883,503.0
13.91771912574768,351.0,221.0,19.416587829589844,502.0
13.949551105499268,344.0,248.0,14.31792163848877,161.5
13.986076593399048,314.1585388183594,271.6097412109375,9.849295616149902,212.5
14.04966688156128,258.0960998535156,279.7149963378906,12.117290496826172,282.5
14.085669994354248,230.0,267.5,14.705541610717773,177.5
14.117682933807373,209.76129150390625,241.3741912841797,14.986227989196777,371.5
14.153669834136963,205.0,205.5,16.007909774780273,399.0
14.186422348022461,212.5,172.0,18.554075241088867,488.5
14.221751689910889,235.80596923828125,144.32835388183594,18.408710479736328,620.0
14.253710746765137,261.5616760253906,132.91018676757812,19.58291244506836,618.5
14.285762310028076,289.0,131.5,16.77060890197754,505.5
14.321784257888794,305.5,134.5,17.33503532409668,541.5
14.353742599487305,331.0,148.5,21.00605010986328,587.0
14.390474319458008,349.7921447753906,182.5842742919922,20.162137985229492,536.5
14.421712875366211,351.5,222.0,20.304039001464844,455.0
14.457681655883789,342.0,251.0,9.486932754516602,80.0
14.526335000991821,269.77484130859375,281.83917236328125,11.97159481048584,269.0
14.55776333808899,253.54347229003906,278.0,12.583381652832031,314.5
14.590481519699097,229.0,266.5,16.101341247558594,226.0
14.625702142715454,211.0,241.0,15.811488151550293,392.5
14.657728433609009,201.0,201.5,19.500099182128906,403.0
14.69373893737793,216.0,165.5,19.163867950439453,452.0
14.725654125213623,242.76626586914062,140.05029296875,18.200117111206055,604.5
14.761751651763916,275.0,130.5,21.476831436157227,576.0
14.794155597686768,294.5,133.0,15.403021812438965,483.5
14.831024646759033,310.3357238769531,135.75071716308594,17.337636947631836,532.5
14.861758708953857,334.0,159.0,20.24855613708496,556.5
14.893650770187378,350.0,189.0,21.213302612304688,542.5
14.929889440536499,349.8844299316406,231.2713623046875,18.67980194091797,398.0
15.030253648757935,264.9602355957031,280.9715881347656,12.131107330322266,280.0
15.065728187561035,244.99378967285156,274.6148986816406,13.254388809204102,298.5
15.09771728515625,220.95361328125,257.6786804199219,14.716052055358887,336.0
15.133681535720825,206.0,231.5,15.33796215057373,394.0
15.165738105773926,203.24559020996094,195.64488220214844,15.694483757019043,422.5
15.202557563781738,219.0,162.5,19.780139923095703,511.0
15.233617782592773,244.0,138.0,18.60117530822754,640.5
15.265920877456665,276.1071472167969,131.0,21.482913970947266,539.5
15.301596641540527,300.5,133.5,17.33503532409668,515.5
15.333819389343262,325.0,146.0,22.803607940673828,633.5
15.369828701019287,345.20928955078125,171.18605041503906,17.48322868347168,520.0
15.402516603469849,351.4969177246094,201.4754638671875,20.530658721923828,593.5
15.437771558761597,347.2734680175781,236.56629943847656,16.980365753173828,350.0
15.537757635116577,265.72625732421875,282.6145324707031,12.732192039489746,265.0
15.573727130889893,244.8333282470703,275.0,13.179423332214355,294.0
15.60641860961914,218.0,254.5,15.692455291748047,298.0
15.63774037361145,205.5,223.5,17.67776870727539,394.0
15.673847198486328,207.5,186.0,16.77060890197754,449.5
15.706000566482544,223.68014526367188,150.0265655517578,19.621253967285156,571.5
15.741688966751099,252.0,136.5,19.006677627563477,614.5
15.773815631866455,285.0,130.0,17.720144271850586,571.0
15.81043004989624,300.5,133.5,17.33503532409668,509.0
15.84193229675293,321.0,142.5,21.639184951782227,598.0
15.877752304077148,343.5954284667969,170.5343475341797,18.602989196777344,547.5
15.909979581832886,349.5,208.0,22.27676773071289,546.5
15.94178295135498,345.5,243.0,18.200374603271484,231.0
15.977708101272583,314.0,273.5,7.826338291168213,116.0
16.04565191268921,258.6199035644531,279.5245361328125,12.628928184509277,309.5
16.07767629623413,237.0,273.0,14.764923095703125,270.0
16.10973358154297,215.3964080810547,249.0338592529297,14.12529182434082,354.5
16.14571785926819,205.0,220.86764526367188,17.132450103759766,391.0
16.181682586669922,206.4705810546875,182.58824157714844,16.596790313720703,453.0
16.21558690071106,229.9822998046875,148.96017456054688,19.69786262512207,608.0
16.25000834465027,258.0,133.5,21.05360221862793,602.5
16.281872272491455,288.5,132.0,17.007450103759766,490.0
16.31387186050415,304.2083435058594,136.0833282470703,17.242490768432617,522.0
16.350003957748413,330.2542419433594,150.38983154296875,21.56032943725586,586.0
16.381943702697754,350.5,182.0,20.42679786682129,542.0
16.418532609939575,351.0,220.5,18.927593231201172,487.0
16.449758052825928,342.5,248.0,13.756916999816895,157.0
16.485636711120605,313.8529357910156,272.0294189453125,10.199247360229492,216.5
16.55016255378723,258.53887939453125,279.9134216308594,12.53925609588623,297.0
16.585638284683228,233.5,270.0,14.840922355651855,200.0
16.618396997451782,212.0,244.0,16.155593872070312,380.5
16.653748273849487,202.0,205.5,18.607892990112305,404.5
16.686245441436768,210.5,170.0,19.52572250366211,508.0
16.721795320510864,237.32557678222656,143.78294372558594,19.053829193115234,630.5
16.75367307662964,265.98748779296875,131.0,20.012611389160156,567.0
16.785758018493652,291.5,132.0,16.56059455871582,473.5
16.82237195968628,304.5,134.0,16.225080490112305,479.0
16.85445809364319,326.1470642089844,149.2823486328125,19.553829193115234,592.0
16.88983702659607,344.5,178.0,20.74256706237793,572.5
16.922492265701294,351.5,216.0,22.051176071166992,542.0
16.957885265350342,344.5,247.5,13.656599998474121,142.5
17.026513814926147,268.1656494140625,283.0120544433594,12.205822944641113,211.0
17.058008670806885,245.99378967285156,275.6148986816406,13.254388809204102,286.0
17.09388303756714,221.67323303222656,257.2086486816406,14.270559310913086,344.5
17.125892877578735,208.5,234.5,15.182326316833496,407.0
17.161662340164185,201.0,200.01388549804688,18.01399040222168,449.5
17.19370937347412,210.0,167.5,20.573139190673828,520.5
17.226219654083252,239.0,144.0,18.35765838623047,622.0
17.261836290359497,266.5,132.5,22.5500431060791,630.5
17.2937171459198,292.8863525390625,132.84091186523438,16.8252010345459,487.0
17.329888582229614,314.2818298339844,139.2818145751953,19.605627059936523,559.5
17.361693859100342,341.0,163.5,21.219194412231445,547.5
17.397855520248413,351.5,199.0,23.00553321838379,621.0
17.43060302734375,345.0,234.0,19.105072021484375,400.0
17.46574878692627,327.86956787109375,266.771728515625,8.066636085510254,122.0
17.4978609085083,306.1798095703125,274.972900390625,9.05023193359375,173.5
17.529781818389893,271.04998779296875,284.5,10.062542915344238,164.5
17.565715074539185,250.8333282470703,277.5,12.92080307006836,310.0
17.597686767578125,225.5,263.5,14.916534423828125,194.0
17.634181261062622,208.0,235.5,16.007909774780273,389.5
17.665735244750977,203.5,196.0,17.007450103759766,414.0
17.701721668243408,223.0,157.0,21.931812286376953,555.5
17.733867645263672,250.0,136.5,20.155742645263672,636.5
17.769705057144165,282.8318176269531,131.21783447265625,17.94368553161621,500.0
17.80170488357544,296.0,133.5,16.37843894958496,466.5
17.834242343902588,309.3085021972656,135.3085174560547,17.07001304626465,519.5
17.869736909866333,331.76922607421875,153.61538696289062,20.17169952392578,605.0
17.901838779449463,349.0,184.5,22.321613311767578,561.5
17.93795132637024,350.5,225.5,20.988191604614258,482.5
18.03823757171631,254.7058868408203,280.76470947265625,13.003293991088867,266.0
18.07423686981201,228.0,264.5,15.305328369140625,210.5
18.105742692947388,213.25,243.375,13.489100456237793,389.0
18.13786029815674,203.0,218.0,17.02948570251465,439.5
18.173827409744263,204.375,190.0625,15.125228881835938,469.0
18.20992946624756,219.0,162.5,19.780139923095703,559.0
18.242584705352783,243.4044647216797,140.41082763671875,18.75126075744629,644.0
18.273767948150635,277.5,131.0,20.13092041015625,536.0
18.30981683731079,303.5,134.0,17.923547744750977,497.5
18.34174418449402,330.5,150.5,22.327213287353516,612.5
18.377734422683716,349.0,181.5,20.13092041015625,562.0
18.409826040267944,351.5,216.3378448486328,18.668964385986328,508.0
18.44666028022766,346.5,242.5,17.7342472076416,297.0
18.47788906097412,319.76470947265625,267.1176452636719,9.302772521972656,176.5
18.545857667922974,263.33172607421875,281.90777587890625,12.365168571472168,276.0
18.57784128189087,238.5,274.0,13.865524291992188,231.0
18.613831043243408,214.0,247.5,14.77338695526123,351.5
18.646581411361694,204.0,213.0,17.117341995239258,408.0
18.68180751800537,207.93936157226562,174.08352661132812,20.022890090942383,526.5
18.713876485824585,231.84825134277344,146.5194549560547,19.93132781982422,639.0
18.749799013137817,260.8883972167969,130.99053955078125,20.98493003845215,626.0
18.78199601173401,289.1705627441406,132.10641479492188,16.353500366210938,452.0
18.817879915237427,302.9850769042969,135.41790771484375,15.934534072875977,483.5
18.850618600845337,326.0,146.0,21.401033401489258,606.5
18.882004022598267,345.5,174.0,20.42679786682129,591.0
18.917951583862305,349.5,215.0,23.048959732055664,577.5
18.949750185012817,345.0,246.5,14.77338695526123,154.0
18.985833406448364,309.0,276.0,7.615873336791992,92.5
19.017906188964844,271.1580810546875,282.3382263183594,10.501128196716309,164.5
19.05058455467224,253.6311492919922,278.3360595703125,12.70170783996582,313.0
19.085824251174927,228.5,266.0,15.403021812438965,228.5
19.117960691452026,211.71681213378906,242.23451232910156,14.416559219360352,397.5
19.153807401657104,200.5,208.0,17.356653213500977,448.5
19.18588900566101,207.0,172.5,19.780139923095703,538.5
19.221829891204834,235.5,143.0,21.476831436157227,714.0
19.254910230636597,264.0,133.0,22.02281379699707,644.0
19.289743661880493,292.338623046875,130.95477294921875,16.454065322875977,460.0
19.322127103805542,309.5552978515625,137.9331817626953,18.821828842163086,582.0
19.35783362388611,337.5,159.5,21.31910514831543,623.5
19.3900408744812,352.0,192.0,23.537303924560547,665.5
19.42621421813965,351.0,228.5,19.448749542236328,460.0
19.45849895477295,342.0,251.5,10.30786418914795,80.0
19.489917278289795,308.80645751953125,273.4032287597656,8.595293998718262,161.5
19.525901317596436,275.0,285.5,9.013978004455566,120.5
19.558077335357666,254.18699645996094,279.0464172363281,13.228562355041504,314.5
19.59385347366333,228.0,265.5,14.705541610717773,176.0
19.625880479812622,209.5,237.5,16.446983337402344,397.5
19.662582874298096,200.5,199.0,18.007041931152344,468.5
19.693851947784424,216.29786682128906,162.4042510986328,21.26632308959961,595.0
19.729920625686646,241.0263214111328,139.07894897460938,18.97394371032715,656.5
19.76188826560974,271.0,129.5,22.005781173706055,623.5
19.797785997390747,294.22222900390625,131.86111450195312,16.311702728271484,466.0
19.829960823059082,311.0,139.0,19.849533081054688,549.5
19.86265993118286,338.0,164.0,21.023895263671875,630.5
19.89794611930847,352.0,197.5,22.522310256958008,604.0
19.929946422576904,348.0,233.0,20.61562728881836,442.5
19.965863943099976,323.0,265.0,8.062357902526855,110.5
19.997925758361816,303.8135070800781,275.5162048339844,8.555092811584473,153.0
20.02995538711548,271.1466979980469,282.2728576660156,11.475542068481445,213.0
20.066620588302612,251.0,277.0,13.038504600524902,308.0
20.09797763824463,225.5,263.5,14.916534423828125,223.5
20.13380742073059,208.0,238.5,15.692455291748047,395.0
20.16600513458252,203.0,199.5,18.741764068603516,453.0
20.20182752609253,220.1199951171875,159.85000610351562,20.430889129638672,562.0
20.235042572021484,248.5,137.5,20.796733856201172,671.0
20.2705295085907,283.02630615234375,130.34210205078125,18.169252395629883,510.0
20.302003622055054,300.5,133.5,16.80783462524414,482.5
20.337955951690674,322.3536682128906,145.89024353027344,21.188919067382812,625.0
20.37102746963501,343.0935974121094,172.46791076660156,18.500362396240234,565.0
20.40599513053894,352.5,203.5,20.796733856201172,591.0
20.438045263290405,352.0,223.5,14.534542083740234,425.5
20.47128200531006,350.3380432128906,227.89083862304688,13.3161039352417,407.0
20.506747245788574,351.9906921386719,219.77328491210938,15.076766967773438,441.5
20.537842273712158,351.94036865234375,197.82110595703125,17.27655029296875,526.5
20.574056386947632,351.69110107421875,193.66888427734375,15.684229850769043,484.5
20.605976819992065,353.0,205.5,13.124505043029785,390.0
20.641899347305298,352.5,197.0,14.430970191955566,444.0
20.67465090751648,353.0,198.5,14.8071928024292,452.5
20.71015429496765,353.1934814453125,201.92713928222656,13.928570747375488,413.0
20.74213457107544,352.0,196.5,13.82941722869873,426.5
20.777847290039062,353.38482666015625,204.69371032714844,13.788747787475586,400.0
20.810019969940186,353.5,209.1666717529297,12.920802116394043,382.0
20.842164039611816,352.69049072265625,202.45237731933594,14.551010131835938,423.0
20.878538370132446,352.0,193.0,14.14223575592041,430.0
20.90982675552368,351.5,189.22000122070312,13.02232837677002,422.0
20.945942640304565,352.0,192.20370483398438,14.118804931640625,450.5
20.97802424430847,352.9382019042969,200.81460571289062,14.123712539672852,404.0
21.01395845413208,353.8928527832031,206.82142639160156,12.852582931518555,370.5
21.046005964279175,352.0,202.5,13.865524291992188,393.0
21.078615427017212,351.5,194.0,13.463011741638184,421.0
21.113824367523193,351.5,191.0,13.313627243041992,406.0
21.145849466323853,350.5,196.24073791503906,13.98463249206543,424.5
21.182010650634766,353.0348815917969,204.17442321777344,12.825725555419922,370.0
21.213995456695557,352.5,205.33999633789062,13.13499641418457,372.0
21.249918222427368,351.8214416503906,197.4642791748047,13.58702564239502,397.5
21.282858848571777,352.83734130859375,192.69276428222656,13.35801887512207,392.5
21.313881158828735,351.93389892578125,195.4049530029297,13.751235961914062,422.5
21.349865674972534,354.5,201.0,13.463011741638184,385.5
21.382044315338135,354.3522644042969,199.05682373046875,14.121811866760254,392.5
21.417975187301636,350.5,184.0,15.041708946228027,444.0
21.453877449035645,343.5,168.5,15.953156471252441,523.0
21.486915826797485,331.5,156.0,17.44286346435547,572.0
21.517992973327637,324.13043212890625,146.2608642578125,15.522819519042969,520.0
21.553902864456177,329.5,148.0,15.88248062133789,506.0
21.585952281951904,322.81707763671875,143.6219482421875,16.22657012939453,553.5
21.62189531326294,313.72222900390625,137.72222900390625,16.011852264404297,529.0
21.65386390686035,303.3669128417969,134.38592529296875,14.743875503540039,486.5
21.690274953842163,299.0,133.5,16.101341247558594,507.5
21.721955060958862,301.342529296875,132.78346252441406,15.446942329406738,475.0
21.754210710525513,297.0,132.5,15.53232479095459,457.5
21.7900333404541,290.88934326171875,132.403076171875,15.739192008972168,523.0
21.822893142700195,286.1136474609375,132.44033813476562,15.357832908630371,531.0
21.858023166656494,272.23529052734375,130.0,17.49454116821289,604.5
21.890663146972656,263.5,133.0,15.33796215057373,550.0
21.925984144210815,268.87908935546875,131.49673461914062,15.543834686279297,526.0
21.957910299301147,279.0,130.5,15.435449600219727,508.5
21.990484476089478,274.8237609863281,130.1266326904297,16.633609771728516,544.0
22.02715277671814,258.0,134.5,16.37843894958496,615.0
22.057985067367554,250.03125,138.734375,17.249454498291016,670.0
22.09463667869568,241.85877990722656,142.9809112548828,17.120391845703125,616.5
22.125904321670532,236.19354248046875,145.3225860595703,17.196680068969727,619.0
22.161911487579346,231.0865936279297,147.17039489746094,17.110408782958984,619.0
22.193952560424805,217.0,163.5,18.200374603271484,604.0
22.22992491722107,207.0,181.14999389648438,15.150105476379395,530.5
22.26197052001953,201.0,198.51515197753906,16.51525115966797,533.0
22.294652938842773,206.5,223.90625,16.101613998413086,483.0
22.32994842529297,213.4390869140625,243.0736083984375,14.159996032714844,422.0
22.3619966506958,224.50233459472656,256.68499755859375,13.766804695129395,382.5
22.39801335334778,233.73333740234375,264.73333740234375,12.047593116760254,336.0
22.430067777633667,235.67857360839844,265.6785583496094,11.798697471618652,327.5
22.46599578857422,235.0140838623047,265.64788818359375,12.031641006469727,336.0
22.498521089553833,237.0,267.0,11.401854515075684,328.5
22.534048318862915,230.97959899902344,263.2550964355469,12.41405963897705,341.0
22.566018104553223,229.8709716796875,262.3548278808594,12.355621337890625,357.0
22.598203420639038,240.9545440673828,270.9545593261719,13.101253509521484,329.5
22.63403844833374,254.56053161621094,276.8099365234375,12.616893768310547,337.5
22.66994619369507,269.6136474609375,274.2727355957031,9.871828079223633,263.5
22.70261025428772,282.0167541503906,277.6674499511719,11.08593463897705,298.5
22.733962297439575,287.52984619140625,278.6119384765625,10.895736694335938,310.5
22.770024299621582,290.845458984375,278.60546875,11.064778327941895,309.0
22.802059412002563,296.0,277.0,10.770429611206055,297.5
22.837932109832764,299.5,275.5,11.068072319030762,307.5
22.87074327468872,294.7919921875,278.11199951171875,10.608768463134766,277.5
22.90640139579773,285.6666564941406,279.5,10.833441734313965,305.0
22.938499689102173,281.48486328125,279.44317626953125,11.018998146057129,317.0
22.974034070968628,279.5,279.9705810546875,11.251928329467773,316.5
23.00618577003479,291.2916564941406,278.875,10.54843807220459,269.0
23.04188823699951,303.8823547363281,275.26470947265625,10.480972290039062,257.5
23.07396101951599,318.0555419921875,267.0833435058594,10.127577781677246,241.0
23.106719255447388,336.5979919433594,253.2089385986328,12.655951499938965,287.5
23.141957998275757,344.0,244.0,13.341764450073242,361.0
23.173930406570435,344.0,245.5,14.080227851867676,379.5
23.210091829299927,334.9444580078125,254.11111450195312,11.280056953430176,314.5
23.242005825042725,333.6785583496094,254.32142639160156,11.798697471618652,335.0
23.27801012992859,333.931640625,255.65467834472656,12.007372856140137,328.0
23.310741662979126,338.4117736816406,250.8235321044922,12.413115501403809,331.5
23.34229302406311,344.5,244.0,13.463011741638184,362.5
23.37883186340332,348.5,234.5,13.946425437927246,384.5
23.410080909729004,348.7335205078125,223.95509338378906,13.240450859069824,412.0
23.446000814437866,353.5,214.5,13.946425437927246,426.5
23.477943658828735,351.9592590332031,199.3370361328125,16.454200744628906,475.0
23.514800310134888,351.6428527832031,189.64285278320312,13.468511581420898,428.5
23.54618787765503,351.0,189.17999267578125,13.16642951965332,422.0
23.582012176513672,351.5243835449219,191.6707305908203,14.744853973388672,457.5
23.614015817642212,355.0,204.0,14.14223575592041,405.0
23.646158456802368,352.0,199.0,16.155593872070312,462.5
23.681897163391113,348.0,180.5,17.241039276123047,537.5
23.718788623809814,336.09234619140625,163.43630981445312,17.614377975463867,568.5
23.750964164733887,326.0,146.5,17.44286346435547,570.0
23.782093048095703,325.0011291503906,145.91001892089844,16.4720458984375,572.0
23.819286823272705,331.5333251953125,151.1666717529297,14.87442398071289,485.0
23.84996795654297,322.5623474121094,143.63626098632812,16.95693016052246,565.5
23.88239860534668,307.6075134277344,136.8709716796875,16.06144142150879,561.0
23.918641328811646,294.5,133.5,15.116316795349121,506.5
23.954179763793945,285.7884521484375,130.52883911132812,16.1656436920166,574.0
23.986045598983765,269.0,132.5,16.347881317138672,586.0
24.018030881881714,266.1571350097656,132.60476684570312,15.226335525512695,522.0
24.054033041000366,272.57843017578125,130.9052276611328,15.729131698608398,547.5
24.085988759994507,278.7397155761719,130.97227478027344,14.981680870056152,524.5
24.122612237930298,271.5,131.0,16.978025436401367,585.5
24.154282093048096,257.9608154296875,134.20895385742188,16.28031349182129,628.0
24.190069437026978,252.85887145996094,136.9193572998047,16.125436782836914,629.5
24.22190809249878,251.86526489257812,138.0943145751953,17.14688491821289,675.0
24.257983684539795,263.4701232910156,134.10313415527344,17.564651489257812,663.0
24.289971113204956,277.5,130.88095092773438,15.15257453918457,530.0
24.322483777999878,286.7391357421875,131.86956787109375,15.522808074951172,550.5
24.357913494110107,286.5,130.5,15.508162498474121,532.5
24.390268564224243,266.5,131.5,18.828269958496094,643.0
24.425919771194458,247.77943420410156,138.55494689941406,17.785106658935547,709.5
24.458062887191772,228.3468475341797,148.20269775390625,18.563819885253906,694.0
24.494035005569458,211.5,168.5,18.344036102294922,615.5
24.526405811309814,204.0,190.0,16.124614715576172,536.0
24.562056303024292,204.0,206.5,14.8071928024292,479.0
24.59407067298889,204.39393615722656,217.62423706054688,12.890520095825195,432.0
24.62613606452942,204.1407012939453,216.801513671875,12.794532775878906,427.0
24.661916494369507,203.8389892578125,217.38136291503906,13.008635520935059,427.0
24.69417142868042,204.42308044433594,218.34616088867188,12.751825332641602,415.0
24.730430841445923,203.06626892089844,208.84939575195312,13.31203842163086,451.5
24.761988401412964,202.6999969482422,211.6999969482422,14.3590669631958,469.0
24.79808783531189,206.52438354492188,228.15853881835938,14.849185943603516,454.0
24.830091953277588,212.7857208251953,240.5,13.55459976196289,426.5
24.86605668067932,220.5,249.5,12.747649192810059,395.5
24.8979709148407,226.5,258.0,13.463011741638184,381.0
24.934855222702026,236.77304077148438,268.0256042480469,12.155694007873535,338.0
24.96612310409546,244.08824157714844,272.446533203125,12.096586227416992,336.0
24.99811029434204,252.02618408203125,275.19110107421875,12.349953651428223,348.5
25.034127473831177,262.0,274.0,12.649210929870605,285.5
25.065992832183838,271.1412658691406,268.3609924316406,9.874076843261719,272.5
25.101979732513428,279.5,273.5,9.617792129516602,226.0
25.134726762771606,293.6899719238281,277.4784851074219,10.613992691040039,280.5
25.169982433319092,304.6567687988281,275.1440734863281,10.508520126342773,273.5
25.202157735824585,316.63043212890625,268.2826232910156,10.373530387878418,252.0
25.234076499938965,332.18182373046875,256.18182373046875,12.239107131958008,284.5
25.26994228363037,339.0256042480469,250.22695922851562,12.155694007873535,347.0
25.30196738243103,336.7882385253906,253.31471252441406,12.013440132141113,326.5
25.338804244995117,339.0625,250.9375,12.445292472839355,328.5
25.37013530731201,345.1551818847656,240.53448486328125,13.830330848693848,376.0
25.405972242355347,350.0,228.9107208251953,14.230635643005371,415.5
25.43806529045105,352.3571472167969,219.5,13.59969425201416,428.0
25.474097728729248,352.0,204.5,17.755380630493164,532.0
25.50598430633545,351.4615478515625,187.92308044433594,14.620537757873535,459.0
25.542547941207886,348.3522644042969,182.05682373046875,14.121811866760254,443.5
25.573986530303955,345.5922546386719,174.64759826660156,14.751508712768555,493.0
25.610015392303467,342.6666564941406,167.3333282470703,14.337316513061523,478.0
25.642101526260376,338.7926940917969,161.7926788330078,14.709907531738281,483.0
25.674585103988647,326.0767517089844,150.89535522460938,18.60161781311035,603.0
25.709991693496704,316.10870361328125,140.71739196777344,15.450026512145996,536.0
25.742945432662964,313.0,139.5,15.207006454467773,514.0
25.778110027313232,312.0,139.0,16.124614715576172,546.0
25.810173273086548,324.5,147.5,18.560810089111328,613.0
25.84609818458557,333.5,153.5,14.916534423828125,492.0
25.878312826156616,332.2021179199219,151.1170196533203,15.04511833190918,484.0
25.915048360824585,330.5,150.5,15.182326316833496,507.5
25.946447610855103,325.0,144.5,15.692455291748047,534.0
25.978193759918213,321.089599609375,144.1994171142578,15.084115982055664,502.0
26.014148712158203,324.7328796386719,145.46575927734375,16.40300178527832,546.0
26.047499656677246,332.0,152.5,15.041708946228027,497.5
26.082085371017456,322.31817626953125,142.13636779785156,17.501575469970703,589.5
26.11419367790222,306.8999938964844,135.89999389648438,16.2611026763916,568.0
26.150814294815063,290.5,132.0,17.007450103759766,613.5
26.18207812309265,276.70001220703125,130.3000030517578,15.626350402832031,570.5
26.218003273010254,270.8636474609375,132.43182373046875,14.856233596801758,528.0
26.250197410583496,274.5224609375,131.79212951660156,14.710853576660156,526.5
26.282148838043213,265.4454650878906,132.23635864257812,15.365330696105957,549.0
26.31823992729187,254.3866424560547,136.93927001953125,15.8829984664917,646.5
26.351158380508423,249.1011199951172,138.64044189453125,16.1845703125,625.5
26.385953187942505,254.90625,135.796875,17.136137008666992,658.5
26.418009281158447,268.0491943359375,132.8688507080078,17.088668823242188,585.0
26.45426321029663,282.625,130.75,15.675020217895508,552.5
26.48614192008972,282.0,130.0,16.155593872070312,561.5
26.518178939819336,259.4288024902344,134.03164672851562,17.690597534179688,687.5
26.55487823486328,242.45603942871094,140.1923065185547,17.680503845214844,691.5
26.58626103401184,222.6999969482422,152.6999969482422,19.16725730895996,687.0
26.62212634086609,208.5,177.5,18.560810089111328,597.5
26.654032707214355,200.5,203.5,16.688419342041016,536.5
26.690153121948242,206.1325225830078,226.79518127441406,14.32715129852295,451.5
26.722188234329224,210.1354217529297,237.2708282470703,12.86509895324707,401.0
26.758901357650757,210.8367156982422,238.4189910888672,12.634774208068848,389.0
26.790159940719604,210.30697631835938,236.9530792236328,12.344347953796387,385.0
26.826196670532227,210.24937438964844,236.13275146484375,12.927864074707031,403.5
26.85811471939087,211.0,231.5,13.238302230834961,427.0
26.890207052230835,205.6324920654297,220.31387329101562,12.905245780944824,446.0
26.926051378250122,202.64894104003906,208.79786682128906,13.996835708618164,482.0
26.959211826324463,203.23770141601562,198.48361206054688,13.53797435760498,450.0
26.994149923324585,202.6171875,199.140625,13.928289413452148,460.5
27.026127338409424,202.0,215.93548583984375,16.09571075439453,503.5
27.062113761901855,210.06869506835938,238.61831665039062,14.909424781799316,434.0
27.094191789627075,224.5126953125,258.0152282714844,14.096724510192871,379.0
27.130154848098755,239.34375,270.34375,12.564388275146484,337.0
27.16271162033081,245.47604370117188,272.32037353515625,11.598428726196289,328.0
27.19807767868042,238.2609405517578,268.98486328125,12.420648574829102,332.0
27.229995250701904,229.14578247070312,262.83514404296875,12.174548149108887,345.0
27.262020349502563,224.08621215820312,257.0862121582031,12.265029907226562,360.0
27.297974586486816,224.87704467773438,257.5393371582031,13.125147819519043,375.5
27.32999062538147,238.13343811035156,269.4260559082031,12.607953071594238,324.0
27.36685824394226,255.18699645996094,279.0464172363281,13.228562355041504,323.5
27.39798903465271,280.5,285.0,9.552586555480957,126.5
27.434215545654297,310.5,275.0,7.159010887145996,93.0
27.46614956855774,342.0,251.5,11.629803657531738,133.0
27.502091646194458,351.0,223.5,19.72951889038086,475.0
27.534146547317505,349.0,187.5,22.321613311767578,599.5
27.57045865058899,326.0762634277344,147.38418579101562,25.183290481567383,579.5
27.602152585983276,277.5,131.5,25.739173889160156,664.5
27.634206295013428,239.02230834960938,140.18215942382812,21.494548797607422,747.5
27.671277284622192,215.0,164.0,19.31330680847168,644.0
27.702165842056274,209.5,177.5,14.714038848876953,506.0
27.73814034461975,207.0,182.5,14.080227851867676,495.0
27.770916223526,206.86854553222656,189.0469512939453,14.866820335388184,516.0
27.80214023590088,205.67921447753906,195.4068145751953,14.090546607971191,483.0
27.838120460510254,203.617919921875,200.44338989257812,13.652914047241211,465.5
27.874061822891235,204.0,218.0500030517578,15.083283424377441,474.5
27.90614080429077,208.5,234.38888549804688,13.838895797729492,434.0
27.938082695007324,215.7083282470703,248.1458282470703,13.551774978637695,400.0
27.97491693496704,229.75,264.25,13.308931350708008,339.0
28.006279468536377,248.46551513671875,275.0172424316406,12.507054328918457,330.0
28.042162656784058,263.0041198730469,278.2851257324219,11.971779823303223,333.5
28.074036598205566,277.5,279.9705810546875,11.25193977355957,291.5
28.110116004943848,289.8928527832031,278.75714111328125,10.961676597595215,299.5
28.14202618598938,291.02630615234375,278.0789489746094,11.121759414672852,302.5
28.178520441055298,290.229736328125,277.7432556152344,11.094779014587402,310.5
28.210111141204834,285.9281005859375,279.56689453125,11.00445556640625,296.0
28.246009826660156,280.19775390625,279.7572326660156,11.1163330078125,313.5
28.27802324295044,292.1722717285156,278.6512756347656,10.382711410522461,260.5
28.31019139289856,309.9660949707031,272.690673828125,10.119071960449219,230.5
28.34615659713745,327.3262634277344,261.8243103027344,10.705618858337402,235.0
28.37856435775757,342.0238037109375,247.3285675048828,13.295068740844727,349.5
28.414149522781372,344.0833435058594,244.46875,12.90510082244873,361.5
28.446106433868408,337.17742919921875,252.23118591308594,12.488323211669922,323.5
28.481996059417725,334.8214416503906,254.0,11.356163024902344,331.0
28.51421070098877,334.89129638671875,253.8913116455078,11.268655776977539,325.0
28.550141096115112,334.6049499511719,254.91357421875,11.761735916137695,327.5
28.58285140991211,342.0238037109375,248.3285675048828,13.295068740844727,336.5
28.61418914794922,347.5,236.0,14.430970191955566,379.5
28.650302410125732,350.5,220.0,16.07025718688965,475.0
28.68222451210022,351.6546325683594,204.9639129638672,15.403846740722656,451.5
28.718122005462646,351.5,197.5,13.729630470275879,430.0
28.750225067138672,353.5,201.0,13.756916999816895,421.5
28.78678584098816,352.0,194.5,14.8071928024292,474.0
28.81805443763733,349.1341552734375,182.0853729248047,15.407593727111816,497.5
28.854226112365723,344.5,171.5,14.983424186706543,502.0
28.88621473312378,340.7972412109375,164.1523895263672,15.173449516296387,505.5
28.91825008392334,330.38677978515625,151.3867950439453,19.3039608001709,604.0
28.95420789718628,318.5,141.0,16.37843894958496,544.0
28.9875385761261,314.5,140.0,15.88248062133789,523.5
29.022130966186523,320.0,141.5,16.225080490112305,556.5
29.054232835769653,330.5,152.5,15.953156471252441,534.0
29.090189933776855,326.5,146.0,17.755380630493164,572.0
29.122217893600464,308.3160095214844,137.30712890625,17.469152450561523,616.5
29.158112287521362,290.0,131.5,17.670696258544922,643.0
29.19058322906494,273.9210510253906,131.1052703857422,15.770378112792969,566.0
29.22209906578064,270.1947021484375,132.68362426757812,15.268945693969727,547.0
29.25822424888611,273.43316650390625,131.26348876953125,14.821743965148926,538.0
29.290199279785156,265.7799987792969,132.77999877929688,15.870097160339355,578.5
29.3262357711792,255.46340942382812,135.73170471191406,15.907421112060547,633.5
29.358239889144897,258.1451721191406,135.14515686035156,16.66887855529785,671.5
29.394794940948486,274.8450622558594,130.9225311279297,15.982991218566895,567.0
29.426274061203003,279.75,131.25,15.103907585144043,550.5
29.462257385253906,281.3854675292969,131.73788452148438,14.985746383666992,553.5
29.494250774383545,269.3999938964844,132.0,16.19146156311035,588.0
29.526212692260742,263.21881103515625,133.6265411376953,15.29167366027832,581.5
29.56305980682373,266.6111145019531,132.5,15.61209774017334,546.5
29.595865726470947,278.4577331542969,130.97886657714844,16.054119110107422,585.0
29.630114793777466,272.5,131.0,18.200374603271484,624.0
29.663610696792603,252.98324584960938,136.06967163085938,17.016996383666992,688.5
29.698310136795044,239.93923950195312,142.4912109375,17.94654655456543,685.0
29.730154991149902,225.7196502685547,153.0144500732422,17.20199966430664,649.5
29.762183666229248,218.5,161.5,15.572511672973633,541.0
29.798857927322388,221.0630645751953,157.57861328125,15.698664665222168,561.5
29.83012080192566,219.6764678955078,159.5,15.673287391662598,571.5
29.86626625061035,212.8704376220703,168.61708068847656,15.927666664123535,556.0
29.89825677871704,210.0,177.0,14.866168975830078,501.5
29.9341778755188,213.5,171.0,17.066146850585938,558.0
29.96615481376648,220.50384521484375,157.9376220703125,16.132007598876953,582.5
30.002542734146118,228.39862060546875,149.83848571777344,16.240755081176758,611.5
30.03439497947693,235.97727966308594,144.02272033691406,17.2364444732666,622.0
30.066336631774902,235.8258056640625,144.00807189941406,17.0898380279541,609.0
30.102221965789795,233.59982299804688,146.746826171875,16.647151947021484,606.5
30.134164810180664,231.168212890625,148.1882781982422,16.26950454711914,586.5
30.170276880264282,224.00086975097656,152.14076232910156,17.1240234375,628.0
30.20298957824707,213.5,167.5,16.688419342041016,562.0
30.238179445266724,208.1875,178.0,15.15876579284668,529.0
30.270143032073975,206.76315307617188,187.2894744873047,15.062529563903809,516.5
30.306143522262573,207.5,194.0,14.705541610717773,495.0
30.33816957473755,206.2743377685547,197.28318786621094,13.992057800292969,489.0
30.37024736404419,204.0,211.5,17.500099182128906,541.5
30.40666890144348,208.0,234.0,14.560319900512695,437.0
30.438215970993042,218.96226501464844,252.4339599609375,14.47131633758545,389.5
30.474254846572876,239.0,274.5,14.534542083740234,251.5
30.574161529541016,346.0,241.0,17.720144271850586,242.0
30.61083698272705,351.0,196.5,22.852888107299805,554.5
30.64228057861328,335.5,161.0,21.800329208374023,598.5
30.678252458572388,313.5,139.0,16.919023513793945,600.0
30.71021008491516,300.0,132.5,16.77060890197754,576.5
30.746596336364746,281.0,132.0,19.31330680847168,660.5
30.778244018554688,251.45774841308594,137.02113342285156,18.56817054748535,759.0
30.810832738876343,226.65789794921875,148.65789794921875,20.152738571166992,712.5
30.84658694267273,205.34364318847656,178.7508087158203,19.320423126220703,610.5
30.878296613693237,204.8795166015625,220.01806640625,20.224220275878906,483.0
30.914170026779175,221.0,258.0,18.60117530822754,210.5
30.94713521003723,253.5,281.5,13.946425437927246,154.0
31.015042066574097,316.6836853027344,269.4234619140625,9.334237098693848,184.5
31.0501229763031,344.0,247.0,15.231646537780762,223.0
31.082430362701416,350.5,224.0,17.356653213500977,454.0
31.11425018310547,351.70001220703125,195.5,19.543384552001953,583.0
31.151021003723145,344.5,169.5,19.557706832885742,598.5
31.18221426010132,322.3070068359375,145.30702209472656,20.67331314086914,643.5
31.2187819480896,300.5,133.5,18.179758071899414,645.0
31.250246047973633,272.5,129.0,20.597429275512695,697.5
31.28681707382202,242.00341796875,139.33047485351562,19.83123016357422,752.5
31.318326473236084,215.68504333496094,162.85826110839844,21.93452262878418,678.0
31.354596614837646,203.5,201.5,20.651975631713867,550.0
31.38625168800354,210.0,238.5,17.55714988708496,443.5
31.418243169784546,231.5,268.5,16.507673263549805,188.0
31.454283237457275,258.375,281.375,13.445591926574707,285.5
31.4866840839386,295.8636474609375,281.1363525390625,5.208555221557617,58.0
31.52226686477661,315.32757568359375,270.1551818847656,9.846883773803711,198.0
31.55508828163147,344.5,247.5,14.983424186706543,205.5
31.590270280838013,349.5,221.0,19.163867950439453,496.5
31.622292041778564,350.5,188.0,19.319778442382812,558.0
31.658201694488525,338.0,161.0,20.24855613708496,627.0
31.691075325012207,313.5,140.0,18.309932708740234,635.0
31.726266384124756,294.0,132.0,17.888643264770508,623.0
31.758946180343628,264.1031188964844,131.0326385498047,21.103271484375,760.0
31.790242671966553,239.5,142.0,19.704158782958984,749.0
31.82627582550049,212.0,165.5,23.26487922668457,681.0
31.858441591262817,202.0,203.5,21.52334213256836,564.5
31.895004749298096,213.0,244.5,17.923547744750977,411.5
31.926342487335205,240.0,275.0,15.652576446533203,200.5
31.962677240371704,266.0,285.0,10.049975395202637,113.0
31.994195222854614,303.1798095703125,275.972900390625,9.05023193359375,182.0
32.030362606048584,324.1470642089844,267.8529357910156,6.51132869720459,80.5
32.062299966812134,346.5,239.5,17.10272979736328,357.5
32.09878468513489,351.0,214.5,18.927593231201172,530.5
32.13056540489197,349.558837890625,182.6764678955078,18.85416030883789,576.5
32.16264486312866,336.5,161.0,19.981340408325195,607.5
32.19830775260925,312.8377685546875,138.33511352539062,17.887754440307617,626.5
32.23020815849304,289.5,131.5,19.96256446838379,687.0
32.26641869544983,258.0161437988281,134.1774139404297,21.0169620513916,776.5
32.29892039299011,229.5,144.0,21.800329208374023,774.0
32.33036684989929,206.5,176.0,22.29920196533203,635.5
32.36715602874756,203.5,218.0,20.056270599365234,513.0
32.402276039123535,216.5,251.5,17.67776870727539,384.0
32.43651795387268,243.84710693359375,276.27685546875,13.888705253601074,301.5
32.47028136253357,266.7173767089844,282.7173767089844,10.793985366821289,179.0
32.50279259681702,302.770263671875,277.0027160644531,8.468730926513672,149.0
32.570228099823,347.5,237.5,17.10272979736328,369.5
32.60256004333496,354.0,206.5,20.597429275512695,584.0
32.63880181312561,345.0,176.0,18.027854919433594,560.0
32.67096543312073,329.2542419433594,150.38983154296875,21.56032943725586,689.5
32.707149505615234,308.8125,136.625,16.22664451599121,567.0
32.73818612098694,295.0,132.0,17.000099182128906,597.5
32.770198583602905,269.5,132.0,20.88669776916504,696.0
32.80622839927673,241.96774291992188,140.6774139404297,20.102460861206055,764.0
32.83878302574158,214.82894897460938,161.50657653808594,21.117477416992188,684.5
32.87421751022339,200.5,199.0,20.00634765625,550.0
32.90696096420288,211.0,241.5,18.848176956176758,400.0
32.94233012199402,246.5,278.5,11.423759460449219,73.0
33.04316020011902,344.5,243.0,16.620868682861328,339.0
33.07433891296387,350.0,223.0,17.262775421142578,477.0
33.11123609542847,352.5,196.5,20.26089859008789,580.0
33.142369985580444,347.07745361328125,177.15492248535156,15.982993125915527,526.5
33.17871403694153,336.5,161.0,18.445966720581055,577.5
33.210307359695435,311.0,138.5,20.304039001464844,684.5
33.247087478637695,279.3658447265625,131.0,21.23140525817871,698.0
33.278438091278076,242.5,140.5,20.796733856201172,766.0
33.31489062309265,215.5,165.0,21.360109329223633,669.0
33.346179485321045,201.0,198.5,18.52710723876953,546.0
33.37907814979553,205.5,235.0,17.270015716552734,475.0
33.41434907913208,223.9130401611328,260.9130554199219,16.52326011657715,307.5
33.447158098220825,249.9641876220703,278.2106018066406,13.35591983795166,316.5
33.51512026786804,310.5,274.0,6.265082359313965,78.0
33.55029106140137,343.5,247.5,13.285429954528809,162.5
33.583112716674805,350.5,222.5,18.828269958496094,484.5
33.61837339401245,349.9117736816406,190.73529052734375,18.960311889648438,544.5
33.65114760398865,338.5,165.0,20.23002815246582,606.5
33.68229937553406,318.7466125488281,140.70970153808594,18.824501037597656,644.5
33.71915864944458,302.0869445800781,134.0869598388672,16.52327537536621,584.0
33.75028920173645,283.125,130.0416717529297,19.105525970458984,688.5
33.78669047355652,254.5,136.0,19.52572250366211,747.0
33.81832146644592,229.94808959960938,146.40164184570312,20.353534698486328,725.0
33.85524773597717,209.3733673095703,173.31658935546875,21.370079040527344,651.5
33.886396646499634,203.0,212.5,20.88669776916504,554.0
33.922871112823486,216.5,254.5,19.300357818603516,226.5
33.95441508293152,253.5,282.0,8.732224464416504,52.0
34.02250647544861,341.5,252.5,9.192488670349121,70.0
34.05910587310791,349.03875732421875,233.18992614746094,16.317888259887695,405.5
34.090402126312256,354.5,208.0,19.05921745300293,540.0
34.12290692329407,351.07745361328125,183.15492248535156,15.982993125915527,516.5
34.15842652320862,343.0,172.0,16.155593872070312,528.5
34.191157579422,330.3518371582031,155.3518524169922,19.35324478149414,628.5
34.22630786895752,307.9303894042969,135.98101806640625,17.959400177001953,648.5
34.25912141799927,280.5,130.5,19.039531707763672,670.0
34.294315814971924,246.5,138.0,19.72951889038086,745.0
34.32727575302124,214.5,160.5,23.162569046020508,703.5
34.358402967453,201.0,203.0,22.000099182128906,546.5
34.395121574401855,212.0,246.5,17.44286346435547,362.0
34.42682600021362,243.0,277.0,14.31792163848877,257.5
34.46293640136719,266.0,285.0,10.049975395202637,128.5
34.49424338340759,302.8214416503906,276.1428527832031,9.21860122680664,189.0
34.53111743927002,322.33721923828125,266.1434020996094,7.884589195251465,113.5
34.562260389328,347.0,242.0,17.088106155395508,366.5
